{
  "21,7": [
    -0.02705314009684775,
    0.054106280193878795,
    0.02100177981177524,
    -0.03295194508071078,
    -0.05955041055373321,
    -0.04296675191802323,
    0.011369856868101802,
    0.08618477139272185,
    0.16005743258531754,
    0.21340991011281504,
    0.23278443337669888,
    0.2134099101112183,
    0.1600574325827103,
    0.08618477139006765,
    0.01136985686637159,
    -0.04296675191828059,
    -0.059550410552729444,
    -0.0329519450794683,
    0.021001779811915262,
    0.05410628019258353,
    -0.02705314009638261
  ],
  "23,7": [
    -0.02798600699748876,
    0.047576211895945235,
    0.02798600699725058,
    -0.017491254373782177,
    -0.04944895973244147,
    -0.0508166969161203,
    -0.020222705984724802,
    0.03375866246555105,
    0.09747448257510938,
    0.1561757820805132,
    0.19711506476075014,
    0.21175882647021954,
    0.19711506475846466,
    0.15617578207666763,
    0.09747448257093652,
    0.03375866246239579,
    -0.02022270598588823,
    -0.05081669691513341,
    -0.04944895973019176,
    -0.017491254372004408,
    0.027986006996856546,
    0.04757621189359014,
    -0.02798600699647634
  ],
  "25,7": [
    -0.028550241012094732,
    0.04152762329243554,
    0.03177765955972392,
    -0.005416646519867761,
    -0.03802937241774943,
    -0.049781560837319834,
    -0.03601594788242338,
    -5.70173239720469e-05,
    0.04994361903533911,
    0.10367651489830255,
    0.15085835691252678,
    0.18293060601190128,
    0.19427281266026905,
    0.18293060599738473,
    0.15085835688723498,
    0.10367651486878991,
    0.04994361900926955,
    -5.7017340006966903e-05,
    -0.03601594788510983,
    -0.04978156082825136,
    -0.038029372403726946,
    -0.005416646510970651,
    0.031777659555353485,
    0.04152762327829337,
    -0.02855024100533078
  ],
  "27,7": [
    -0.02883862727988694,
    0.03604828409912488,
    0.0334528076449993,
    0.0036913442929714536,
    -0.027183540843656834,
    -0.04444910161168838,
    -0.04205782413343891,
    -0.020262270299396,
    0.016480648561855406,
    0.061325967836427325,
    0.10657753560062805,
    0.14494544841914953,
    0.17052405696593104,
    0.17949054146768226,
    0.1705240569700504,
    0.14494544842641974,
    0.1065775356093238,
    0.06132596784446036,
    0.016480648567290777,
    -0.02026227029778986,
    -0.04205782413572586,
    -0.044449101616534016,
    -0.027183540848509165,
    0.0036913442910797957,
    0.033452807647794736,
    0.03604828410430117,
    -0.028838627282864075
  ],
  "29,7": [
    -0.02892102336094546,
    0.03114571746726808,
    0.03374119392067036,
    0.010381905819475259,
    -0.01764923989990352,
    -0.037374860959983776,
    -0.04236268962395758,
    -0.031132820684029453,
    -0.005732617556330337,
    0.029520723517606175,
    0.06912995116282554,
    0.10733987845640457,
    0.13889184440639557,
    0.15961051732427617,
    0.1668230400909228,
    0.1596105173161244,
    0.13889184439165184,
    0.10733987843790432,
    0.06912995114414351,
    0.029520723502335644,
    -0.005732617565380478,
    -0.031132820685585417,
    -0.04236268961881408,
    -0.03737486095111406,
    -0.017649239891913516,
    0.01038190582182015,
    0.03374119391514602,
    0.031145717458452248,
    -0.028921023355465373
  ],
  "21,9": [
    0.01259370314266724,
    -0.048975512197959356,
    0.03811252258120805,
    0.04592440623666697,
    -0.015141036146630416,
    -0.06782274491218658,
    -0.05517055733710676,
    0.030249580641560136,
    0.1528399881731374,
    0.2579174805914684,
    0.2989443359479443,
    0.257917481284864,
    0.152839989195478,
    0.030249581476577008,
    -0.05517055704259526,
    -0.067822745114748,
    -0.015141036436873293,
    0.04592440626842612,
    0.03811252283373539,
    -0.04897551235857842,
    0.012593703172945633
  ],
  "23,9": [
    0.014218697051254938,
    -0.04834356992687495,
    0.02414921548781024,
    0.04773419724509888,
    0.008506782417993672,
    -0.04536441425065526,
    -0.06494567543615652,
    -0.02790914566958778,
    0.056992176402283386,
    0.1590028907183397,
    0.24035320751983624,
    0.271211273421355,
    0.24035320847373218,
    0.15900289216978053,
    0.05699217767096569,
    -0.027909145125441057,
    -0.06494567570343929,
    -0.04536441488457566,
    0.008506782105727343,
    0.047734197589078445,
    0.02414921594198976,
    -0.04834357037295085,
    0.014218697154434775
  ],
  "25,9": [
    0.015572859083055807,
    -0.04671857753918199,
    0.012593704141245627,
    0.04446164137353943,
    0.023359287835427053,
    -0.022924023421795246,
    -0.056411524041523456,
    -0.05155079498547808,
    -0.0031003152793112427,
    0.07569051149437936,
    0.16036124923691447,
    0.22450574606199897,
    0.24832049170355625,
    0.22450574139838553,
    0.16036124180847913,
    0.07569050428274082,
    -0.003100319541427991,
    -0.051550795130011866,
    -0.0564115211391346,
    -0.02292402030049246,
    0.023359288353862924,
    0.04446163891563184,
    0.01259370215595917,
    -0.0467185748444819,
    0.01557285837766231
  ],
  "27,9": [
    0.01668520588838485,
    -0.04449388245677176,
    0.0033370413645177053,
    0.03870967776610899,
    0.031403653038389184,
    -0.004497751471083408,
    -0.04120520428548168,
    -0.055036997778769976,
    -0.0346365013985334,
    0.01759392042614586,
    0.0884048649932729,
    0.15889508669372696,
    0.21030231980965067,
    0.22907714225087777,
    0.2103023184603847,
    0.1588950844406453,
    0.08840486256914085,
    0.017593918583066765,
    -0.03463650217952454,
    -0.0550369974922527,
    -0.04120520341866106,
    -0.004497750774733313,
    0.03140365299469058,
    0.03870967708031221,
    0.003337040948113113,
    -0.04449388173593238,
    0.01668520568431499
  ],
  "29,9": [
    0.017587109164964674,
    -0.04193849146400526,
    -0.003908245799498914,
    0.03201755827800302,
    0.034651114156695036,
    0.009099198286446062,
    -0.02520230892824452,
    -0.04826357627201193,
    -0.04695516168846974,
    -0.01769847152733243,
    0.03412330880917632,
    0.09678204101865069,
    0.1557900253586204,
    0.19758734622543245,
    0.2126571409557268,
    0.19758734123814356,
    0.15579001679759877,
    0.09678203128015903,
    0.034123300523072074,
    -0.017698476357935377,
    -0.04695516239353876,
    -0.04826357379797755,
    -0.025202305498278378,
    0.009099200175932113,
    0.03465111317560886,
    0.03201755551521456,
    -0.003908246933928565,
    -0.041938488554131445,
    0.01758710825590775
  ],
  "21,11": [
    -0.004468732865871745,
    0.027805448112175214,
    -0.05797592376582051,
    0.02392282981377612,
    0.05728187104239479,
    -0.014720515343627675,
    -0.08414499438065025,
    -0.041579080712263475,
    0.11660205860999442,
    0.2928610886482109,
    0.3688316528021667,
    0.2928611899605724,
    0.11660218275834942,
    -0.041579019613982984,
    -0.08414501366979968,
    -0.014720552751913318,
    0.057281877205925376,
    0.023922862132771363,
    -0.05797595134773288,
    0.027805457427684775,
    -0.004468734062358341
  ],
  "23,11": [
    -0.00568748264462362,
    0.03128115857364895,
    -0.05263180496182749,
    0.0022343985252791377,
    0.05355765058815011,
    0.021089259207313815,
    -0.05127290892358165,
    -0.07573328918018483,
    -0.004390237797736436,
    0.13829570746933692,
    0.27659120720910657,
    0.33333333461171893,
    0.2765909469886325,
    0.1382953683668745,
    -0.004390433431382696,
    -0.07573325470131023,
    -0.0512727625255478,
    0.02108931362675844,
    0.053557554167551466,
    0.002234334349819062,
    -0.052631694262661136,
    0.0312811100530208,
    -0.005687475308355478
  ],